age,job,marital,education,default,balance,housing,loan,contact,duration,campaign,y
58,technician,married,tertiary,no,15049,yes,yes,cellular,4497,3,no
20,admin.,married,primary,yes,32118,yes,yes,telephone,1835,15,no
69,admin.,married,tertiary,no,21298,no,yes,cellular,2787,4,yes
23,student,married,secondary,no,38565,no,yes,telephone,4422,4,yes
42,technician,divorced,secondary,no,36837,yes,yes,cellular,1896,10,yes
32,technician,single,secondary,no,40660,no,yes,telephone,2940,7,yes
60,retired,divorced,tertiary,yes,38920,yes,yes,cellular,3816,13,no
58,housemaid,married,tertiary,no,49352,yes,yes,cellular,2614,13,no
22,management,divorced,tertiary,no,12934,no,no,telephone,1200,9,yes
26,management,divorced,tertiary,no,47956,no,no,telephone,1826,5,yes
50,entrepreneur,married,primary,yes,9016,yes,no,cellular,3182,13,no
51,retired,divorced,primary,yes,43676,no,no,cellular,2434,14,yes
28,entrepreneur,married,tertiary,no,31806,yes,yes,telephone,4188,20,yes
27,blue-collar,married,tertiary,yes,38252,no,no,cellular,946,12,yes
69,retired,married,primary,yes,36182,yes,yes,telephone,596,18,yes
26,entrepreneur,divorced,primary,no,33581,no,yes,cellular,2583,13,yes
60,blue-collar,single,tertiary,no,6930,yes,yes,cellular,2799,1,yes
55,management,married,primary,yes,14003,yes,yes,telephone,610,17,yes
35,entrepreneur,married,tertiary,yes,46405,no,yes,telephone,3364,7,yes
24,technician,divorced,secondary,no,26759,no,no,cellular,836,2,yes
43,blue-collar,married,primary,yes,11465,no,yes,telephone,1533,9,yes
47,management,married,secondary,yes,2315,yes,yes,cellular,1392,14,no
48,management,single,primary,yes,23836,yes,no,telephone,3757,10,no
62,housemaid,divorced,tertiary,no,9144,yes,no,cellular,509,19,yes
65,blue-collar,married,primary,no,31954,yes,yes,cellular,1552,3,yes
61,management,single,primary,yes,36940,yes,yes,telephone,4811,19,no
34,management,divorced,tertiary,no,14642,no,no,cellular,2487,15,yes
38,technician,married,secondary,yes,3801,yes,no,cellular,2889,3,yes
41,retired,married,secondary,no,39086,yes,no,cellular,1130,9,yes
24,housemaid,married,secondary,no,38638,yes,no,cellular,2192,17,no
34,admin.,married,tertiary,no,17132,yes,yes,telephone,1101,9,yes
65,entrepreneur,divorced,tertiary,no,35759,yes,yes,cellular,1251,18,yes
41,housemaid,married,secondary,yes,1741,no,no,cellular,2961,7,yes
60,technician,single,tertiary,no,39675,yes,yes,cellular,1480,14,yes
29,blue-collar,single,tertiary,yes,16485,yes,yes,telephone,347,16,yes
30,entrepreneur,single,secondary,yes,13609,yes,yes,telephone,2719,9,yes
67,retired,single,tertiary,no,43532,no,yes,cellular,2169,6,yes
55,retired,married,primary,no,21654,no,no,cellular,3185,19,yes
30,retired,married,tertiary,no,-890,yes,no,telephone,603,11,no
60,technician,divorced,secondary,no,42705,no,no,telephone,2452,18,yes
26,management,single,tertiary,no,43388,yes,no,telephone,4518,1,no
36,management,single,tertiary,no,29473,no,no,cellular,4217,16,yes
68,services,divorced,primary,no,32780,no,yes,cellular,2572,8,yes
69,management,married,primary,yes,15046,no,yes,telephone,3425,19,yes
30,student,single,secondary,yes,8671,yes,yes,telephone,1822,6,no
21,housemaid,married,primary,no,7738,no,no,telephone,4165,14,no
28,entrepreneur,single,secondary,yes,40789,no,no,cellular,2279,15,yes
22,retired,married,secondary,no,19952,yes,yes,cellular,1924,13,yes
63,management,married,secondary,no,20684,no,no,cellular,1724,14,yes
42,admin.,divorced,secondary,no,-614,no,no,telephone,3462,18,yes
49,management,single,secondary,no,902,no,no,telephone,1382,15,yes
57,housemaid,married,secondary,yes,4501,no,yes,telephone,1518,2,no
42,blue-collar,married,secondary,no,21118,no,no,telephone,2096,3,yes
48,admin.,divorced,tertiary,yes,21935,yes,yes,cellular,284,8,yes
19,services,married,primary,no,42873,yes,yes,telephone,2129,12,yes
56,technician,married,secondary,yes,36924,yes,no,telephone,3279,7,yes
55,management,married,tertiary,no,43843,yes,yes,telephone,4394,14,no
22,housemaid,divorced,secondary,yes,26528,no,yes,telephone,2997,15,yes
63,services,single,primary,no,39364,no,no,telephone,4883,9,yes
38,management,married,secondary,no,14981,no,no,telephone,265,16,no
29,entrepreneur,married,secondary,no,21304,no,no,cellular,4262,7,yes
23,management,divorced,secondary,no,35384,yes,no,telephone,3701,1,yes
36,management,single,tertiary,yes,19067,no,no,telephone,3515,18,yes
39,blue-collar,divorced,secondary,no,19094,no,yes,cellular,1607,11,yes
25,housemaid,divorced,primary,yes,13180,no,no,telephone,853,7,yes
36,management,single,primary,no,-73,yes,no,cellular,476,18,no
62,services,divorced,secondary,yes,-197,no,no,telephone,3638,11,yes
21,retired,single,primary,yes,25260,no,yes,cellular,1272,5,yes
69,retired,married,primary,yes,35573,no,yes,telephone,3720,15,yes
37,student,single,tertiary,yes,38952,yes,yes,cellular,2197,3,yes
33,services,divorced,primary,yes,-825,no,no,telephone,2415,2,yes
36,retired,divorced,secondary,yes,44048,yes,no,cellular,3512,4,yes
59,services,single,primary,yes,2908,yes,no,telephone,3627,4,no
62,retired,divorced,secondary,no,31798,no,no,cellular,4929,2,yes
45,blue-collar,divorced,secondary,yes,4985,yes,yes,telephone,4750,2,yes
48,housemaid,divorced,secondary,no,10894,no,no,cellular,3880,12,yes
44,blue-collar,single,tertiary,yes,9539,no,no,telephone,2391,13,yes
47,technician,single,secondary,no,6597,no,yes,telephone,3415,2,yes
51,blue-collar,divorced,secondary,no,48806,yes,yes,telephone,4529,5,no
46,entrepreneur,married,primary,yes,45516,yes,no,cellular,4554,14,yes
32,technician,single,primary,yes,31661,no,no,telephone,3982,16,yes
33,entrepreneur,divorced,primary,no,11491,yes,yes,telephone,3429,11,no
70,admin.,single,tertiary,no,37465,no,yes,telephone,4442,16,yes
40,blue-collar,divorced,tertiary,no,28841,no,yes,cellular,4714,13,yes
32,student,married,secondary,no,45217,no,no,cellular,4087,2,yes
26,housemaid,divorced,secondary,yes,27855,yes,no,cellular,1210,14,yes
22,entrepreneur,single,secondary,no,41587,yes,no,telephone,2624,16,yes
57,technician,married,tertiary,no,13908,yes,no,cellular,853,15,yes
62,retired,married,primary,no,2677,no,no,telephone,3558,5,yes
51,student,divorced,tertiary,yes,10140,yes,yes,telephone,2002,16,yes
32,entrepreneur,divorced,secondary,no,15733,yes,no,telephone,4507,6,yes
46,blue-collar,divorced,secondary,no,44240,no,no,telephone,1661,13,yes
48,technician,married,secondary,no,36670,no,no,cellular,3272,9,yes
18,admin.,divorced,tertiary,no,17756,yes,no,cellular,1587,20,no
61,services,divorced,primary,yes,19246,no,yes,telephone,1106,3,yes
36,blue-collar,divorced,secondary,yes,12159,yes,no,telephone,1377,9,no
69,retired,divorced,secondary,yes,29692,yes,yes,cellular,3285,18,no
23,student,married,secondary,yes,28804,no,no,telephone,3073,4,yes
61,management,single,primary,no,38982,yes,yes,telephone,2505,14,yes
26,admin.,married,secondary,no,6610,yes,yes,cellular,3213,15,no
60,housemaid,single,tertiary,yes,26189,yes,no,telephone,2321,2,no
31,entrepreneur,single,primary,no,5511,no,no,cellular,3291,9,yes
25,entrepreneur,married,tertiary,yes,41054,yes,yes,telephone,2025,5,yes
22,housemaid,married,tertiary,yes,14269,no,yes,cellular,2301,5,yes
26,housemaid,single,primary,yes,42323,yes,yes,cellular,2964,8,no
19,services,single,primary,yes,47609,no,yes,cellular,3931,15,yes
67,blue-collar,divorced,tertiary,yes,28622,yes,yes,telephone,3782,1,yes
48,student,single,tertiary,yes,31130,no,yes,cellular,2668,20,yes
27,technician,married,secondary,no,23962,no,no,telephone,842,4,yes
59,housemaid,divorced,primary,no,28593,yes,no,telephone,3745,13,no
64,technician,single,secondary,no,42588,no,no,cellular,3915,3,yes
23,technician,married,secondary,yes,47797,no,yes,cellular,4834,18,yes
53,blue-collar,divorced,primary,no,22173,no,yes,telephone,4948,10,yes
40,technician,divorced,tertiary,yes,9140,no,yes,cellular,2898,18,no
25,retired,divorced,primary,no,35763,yes,no,cellular,1507,9,no
39,blue-collar,married,primary,yes,36114,no,yes,cellular,281,3,yes
42,student,single,secondary,yes,23251,no,no,cellular,460,5,yes
28,admin.,divorced,primary,no,28039,no,no,telephone,3422,9,yes
31,housemaid,married,secondary,no,6267,no,no,telephone,402,8,no
56,admin.,married,primary,no,12843,yes,no,telephone,2717,4,yes
49,student,married,primary,no,33903,yes,no,cellular,3282,2,no
19,entrepreneur,married,secondary,no,36578,no,no,telephone,973,13,yes
19,blue-collar,married,tertiary,no,44194,no,yes,telephone,897,8,yes
45,student,divorced,primary,no,19334,no,yes,telephone,1407,3,yes
50,technician,divorced,tertiary,yes,49870,no,no,cellular,1965,4,yes
27,retired,married,primary,yes,48821,yes,yes,telephone,3830,19,no
61,blue-collar,divorced,secondary,yes,27820,yes,no,telephone,2510,9,yes
40,housemaid,married,secondary,no,28616,yes,yes,telephone,2381,3,yes
57,housemaid,single,secondary,yes,28473,yes,no,telephone,4137,5,yes
46,technician,single,tertiary,yes,32066,yes,yes,cellular,3616,15,yes
41,blue-collar,single,secondary,no,49755,no,yes,telephone,569,11,yes
24,housemaid,divorced,secondary,no,15514,yes,no,cellular,4803,5,no
37,student,married,tertiary,yes,19288,no,no,cellular,4342,3,yes
59,student,divorced,secondary,yes,22763,no,yes,cellular,2829,16,yes
30,management,married,primary,yes,18385,yes,yes,telephone,1103,20,no
27,services,married,tertiary,yes,46263,no,yes,telephone,3014,8,yes
46,retired,divorced,secondary,yes,33996,yes,no,telephone,1619,12,no
47,retired,single,tertiary,no,9620,yes,yes,telephone,457,16,no
53,technician,divorced,tertiary,yes,17681,yes,yes,telephone,3710,17,yes
45,technician,married,secondary,no,747,no,yes,telephone,4142,12,yes
42,technician,single,primary,yes,19885,yes,no,cellular,1157,2,no
48,services,divorced,secondary,no,39327,yes,yes,cellular,2126,7,yes
53,housemaid,single,primary,no,14573,no,yes,cellular,1983,14,yes
58,entrepreneur,married,primary,no,38107,yes,yes,cellular,2416,14,yes
57,blue-collar,married,tertiary,no,11275,yes,no,cellular,4339,18,yes
42,entrepreneur,married,tertiary,no,23464,no,yes,telephone,583,12,yes
33,technician,divorced,tertiary,no,7743,yes,no,telephone,1464,15,no
58,services,married,primary,no,1423,no,yes,cellular,1664,2,no
37,housemaid,single,tertiary,no,15601,yes,yes,telephone,2954,2,no
35,technician,single,secondary,no,47713,no,no,telephone,1560,16,yes
62,entrepreneur,single,tertiary,no,4414,no,yes,telephone,4965,6,no
38,technician,married,secondary,no,19086,no,no,cellular,3666,12,yes
46,admin.,divorced,secondary,no,16993,yes,yes,telephone,3006,17,yes
19,services,divorced,tertiary,no,1280,yes,yes,cellular,3030,12,no
54,admin.,divorced,primary,no,23311,no,no,cellular,4731,5,yes
51,blue-collar,single,secondary,no,15358,yes,yes,cellular,4118,17,no
53,technician,single,secondary,no,13062,no,no,cellular,1034,5,yes
22,entrepreneur,married,tertiary,no,4753,no,no,cellular,4535,18,no
37,services,divorced,tertiary,yes,22690,yes,yes,cellular,1167,8,no
19,blue-collar,divorced,tertiary,no,29631,yes,yes,cellular,2563,13,no
51,student,single,tertiary,yes,7213,no,yes,telephone,3846,17,no
26,housemaid,divorced,tertiary,yes,49317,yes,no,cellular,1047,17,yes
37,services,married,secondary,yes,21676,no,yes,telephone,1638,18,yes
35,services,divorced,secondary,yes,31936,yes,yes,cellular,4987,11,yes
70,admin.,married,primary,no,41672,yes,no,cellular,4109,18,no
59,retired,single,primary,no,18492,no,yes,cellular,1324,15,yes
44,entrepreneur,single,primary,no,38758,yes,no,telephone,2859,13,yes
66,blue-collar,divorced,tertiary,yes,19913,yes,no,cellular,2221,15,yes
27,technician,married,secondary,no,39329,no,yes,cellular,2712,19,yes
64,blue-collar,married,primary,no,32733,no,no,telephone,4104,1,yes
23,student,divorced,secondary,yes,13099,no,yes,cellular,2334,16,yes
56,entrepreneur,single,tertiary,yes,6044,no,yes,telephone,3026,13,no
20,student,married,tertiary,yes,22758,no,yes,telephone,4160,15,yes
66,housemaid,single,tertiary,yes,7432,yes,no,telephone,2807,18,no
66,services,married,tertiary,no,31773,yes,yes,cellular,1152,11,no
51,entrepreneur,married,tertiary,yes,20493,no,yes,telephone,2481,19,yes
39,housemaid,divorced,tertiary,no,45447,no,no,cellular,3047,11,yes
61,technician,single,tertiary,no,46534,yes,no,telephone,4768,19,yes
64,admin.,divorced,secondary,yes,33356,no,yes,cellular,288,19,yes
30,admin.,single,secondary,no,8924,no,yes,telephone,4140,20,no
65,admin.,divorced,primary,yes,35758,no,no,telephone,2600,6,yes
47,housemaid,single,tertiary,no,43293,no,no,cellular,2049,9,yes
53,retired,married,secondary,no,45196,yes,no,telephone,3960,12,no
36,technician,divorced,tertiary,no,24856,no,yes,telephone,374,10,yes
63,technician,single,secondary,no,47977,no,yes,cellular,4442,9,yes
53,retired,married,primary,yes,14889,yes,yes,cellular,460,4,no
39,entrepreneur,married,tertiary,yes,-661,yes,no,telephone,3941,7,no
38,retired,divorced,primary,yes,41749,yes,yes,cellular,3453,6,yes
43,entrepreneur,married,tertiary,no,1455,yes,no,cellular,2774,10,no
59,housemaid,divorced,secondary,yes,32044,no,no,cellular,952,11,yes
28,entrepreneur,divorced,secondary,yes,-77,no,no,cellular,1467,20,no
70,student,divorced,secondary,yes,25269,yes,yes,cellular,3941,11,yes
18,retired,single,primary,no,48398,no,no,telephone,4801,19,yes
18,retired,divorced,secondary,yes,3071,yes,no,telephone,1338,13,no
62,technician,divorced,secondary,no,39280,yes,yes,cellular,3947,5,no
65,blue-collar,single,tertiary,no,48633,yes,yes,cellular,4334,15,no
22,technician,married,tertiary,yes,36532,yes,yes,telephone,4292,15,yes
61,management,divorced,tertiary,no,4959,no,yes,telephone,1110,17,no
47,admin.,divorced,secondary,no,46400,yes,no,telephone,54,7,yes
20,student,single,tertiary,yes,34465,yes,yes,telephone,289,10,no
29,services,divorced,tertiary,no,23540,no,no,telephone,3107,3,yes
61,housemaid,married,tertiary,no,6774,yes,no,cellular,1854,1,yes
37,entrepreneur,divorced,tertiary,no,33860,no,yes,cellular,3803,12,yes
27,retired,married,tertiary,yes,1111,no,yes,cellular,1718,3,yes
56,admin.,single,tertiary,yes,15038,yes,no,telephone,1949,18,yes
66,admin.,married,tertiary,no,14346,no,no,cellular,2502,5,yes
60,housemaid,married,secondary,no,17032,yes,yes,telephone,4583,16,yes
40,student,divorced,secondary,no,25755,yes,no,telephone,1536,18,no
33,management,single,tertiary,yes,29344,yes,no,telephone,4595,17,yes
42,management,single,primary,no,41382,yes,no,telephone,787,18,yes
21,retired,single,tertiary,yes,3769,yes,yes,telephone,1741,11,no
18,management,married,tertiary,yes,47947,no,yes,cellular,3279,8,yes
53,blue-collar,single,secondary,no,33973,no,no,telephone,2976,17,yes
49,entrepreneur,married,tertiary,no,48914,no,yes,telephone,2593,14,yes
20,management,divorced,primary,yes,16090,no,no,cellular,1637,11,yes
32,student,divorced,primary,no,35086,no,no,telephone,4048,15,yes
28,blue-collar,married,primary,no,11061,yes,yes,cellular,427,1,no
26,management,married,tertiary,yes,-401,yes,no,telephone,525,20,no
60,entrepreneur,married,primary,no,-224,yes,no,telephone,170,17,no
69,services,married,primary,yes,14792,yes,no,telephone,2219,13,yes
41,student,single,tertiary,yes,44694,yes,no,cellular,289,3,no
42,student,divorced,secondary,yes,40729,yes,yes,cellular,4124,14,no
54,technician,divorced,primary,yes,12855,no,no,cellular,639,9,yes
52,admin.,married,secondary,yes,12576,yes,no,cellular,2481,6,yes
54,student,divorced,tertiary,no,24155,yes,yes,telephone,469,4,no
32,technician,single,tertiary,no,49695,no,yes,telephone,3720,16,yes
32,blue-collar,divorced,secondary,no,11172,no,yes,telephone,2048,3,yes
23,retired,married,secondary,yes,47474,no,no,telephone,902,3,yes
18,retired,single,secondary,no,5699,yes,yes,cellular,3560,15,no
24,admin.,married,secondary,yes,38120,no,no,cellular,2420,14,yes
42,technician,divorced,tertiary,yes,36483,yes,no,cellular,1167,9,no
35,entrepreneur,married,primary,yes,27486,no,no,telephone,3996,3,yes
41,retired,married,tertiary,no,37915,yes,no,cellular,1139,10,yes
43,blue-collar,divorced,secondary,no,27850,no,no,cellular,2491,11,yes
56,management,single,secondary,yes,25099,no,no,telephone,4747,8,yes
38,student,single,secondary,no,6463,yes,yes,cellular,3811,7,no
69,retired,divorced,primary,no,43104,no,yes,telephone,2012,9,yes
60,services,divorced,secondary,no,3847,no,no,telephone,4407,17,no
52,admin.,single,tertiary,yes,6167,yes,no,cellular,392,19,no
66,blue-collar,single,primary,yes,5462,no,yes,cellular,3681,12,no
47,housemaid,married,secondary,yes,30638,yes,no,telephone,733,4,yes
40,retired,single,secondary,yes,33151,no,no,telephone,829,15,yes
64,entrepreneur,single,primary,no,1928,yes,yes,telephone,925,6,yes
51,services,divorced,primary,no,35690,no,no,cellular,3348,6,yes
29,student,single,primary,yes,28463,no,no,cellular,1789,7,yes
35,technician,divorced,primary,yes,22972,no,yes,telephone,963,9,yes
60,entrepreneur,divorced,tertiary,no,38123,no,no,cellular,2880,12,yes
47,services,divorced,tertiary,no,39270,yes,yes,telephone,995,8,no
25,services,single,tertiary,yes,32477,no,no,cellular,4738,13,yes
45,services,single,tertiary,yes,35366,yes,no,telephone,1179,6,no
46,admin.,single,primary,no,7947,yes,no,telephone,3381,16,no
63,entrepreneur,single,primary,yes,36053,yes,yes,telephone,297,9,yes
52,retired,married,secondary,no,35026,yes,yes,telephone,4479,12,yes
66,entrepreneur,divorced,primary,no,5711,yes,no,cellular,3714,9,no
70,technician,single,primary,yes,12754,no,no,cellular,1170,7,yes
70,management,married,tertiary,no,33883,no,yes,telephone,2427,10,yes
54,retired,divorced,tertiary,yes,7885,no,yes,telephone,1069,5,yes
27,blue-collar,married,tertiary,no,31077,yes,no,telephone,3103,15,yes
58,technician,single,tertiary,no,44528,no,no,telephone,2711,19,yes
18,technician,divorced,secondary,no,3150,no,yes,telephone,1765,16,no
38,retired,single,tertiary,yes,36102,no,no,cellular,406,4,yes
58,entrepreneur,married,primary,yes,27920,no,yes,telephone,1687,5,yes
59,retired,married,secondary,yes,41899,no,no,cellular,3076,6,yes
21,student,divorced,secondary,yes,27130,yes,yes,cellular,1778,16,yes
26,management,divorced,tertiary,no,-392,yes,no,cellular,3489,5,no
22,management,single,primary,yes,5763,no,no,telephone,1153,13,yes
59,services,married,tertiary,yes,38997,yes,no,telephone,1775,5,no
57,entrepreneur,married,primary,yes,8175,yes,no,telephone,3547,11,yes
33,retired,divorced,primary,yes,35267,no,yes,telephone,1713,17,yes
56,housemaid,married,tertiary,no,18368,yes,yes,telephone,3191,4,yes
49,technician,divorced,primary,no,19740,yes,no,telephone,3023,18,yes
66,entrepreneur,married,primary,yes,-97,no,yes,cellular,525,13,no
58,housemaid,single,secondary,no,4401,yes,no,cellular,2568,3,yes
69,services,divorced,secondary,no,37432,yes,no,telephone,1984,2,yes
23,student,married,secondary,yes,19269,yes,yes,cellular,1154,1,yes
49,blue-collar,divorced,tertiary,no,9942,no,yes,telephone,997,1,no
69,student,single,tertiary,yes,16232,yes,no,telephone,4214,12,yes
49,services,single,primary,no,49680,yes,yes,cellular,4198,1,yes
18,management,married,secondary,no,24098,yes,yes,cellular,4559,14,yes
38,management,single,tertiary,no,16777,yes,no,cellular,4142,2,yes
32,housemaid,married,secondary,yes,29480,no,no,telephone,737,18,yes
47,admin.,single,primary,no,35949,no,yes,telephone,3046,19,yes
49,management,divorced,tertiary,yes,8867,yes,no,cellular,1938,18,no
58,admin.,single,primary,no,47370,no,yes,cellular,4370,8,yes
44,entrepreneur,married,primary,no,5096,yes,yes,telephone,3081,15,yes
55,technician,divorced,primary,no,3904,yes,no,cellular,1969,10,no
38,student,divorced,tertiary,no,19844,no,no,cellular,641,7,yes
26,technician,married,primary,yes,28462,no,no,telephone,1019,18,yes
40,management,single,secondary,no,16367,yes,yes,cellular,2522,20,yes
31,blue-collar,married,primary,yes,22313,no,yes,telephone,2161,6,yes
19,student,single,tertiary,yes,5207,no,yes,cellular,1024,1,yes
67,management,married,primary,no,23395,yes,no,cellular,208,3,yes
59,entrepreneur,married,primary,no,7029,yes,no,cellular,1406,19,no
70,student,single,primary,no,43775,no,yes,telephone,1788,6,yes
35,retired,single,primary,yes,39246,yes,no,telephone,3405,18,no
21,technician,single,secondary,yes,26474,yes,yes,cellular,3163,12,no
52,entrepreneur,single,tertiary,no,24452,no,yes,cellular,2642,20,yes
32,admin.,single,primary,no,33696,no,yes,cellular,850,8,yes
60,management,single,tertiary,yes,49072,yes,no,telephone,1453,6,yes
55,blue-collar,divorced,tertiary,no,37768,yes,no,cellular,4642,7,no
52,retired,married,secondary,yes,4915,yes,yes,cellular,193,17,no
18,blue-collar,divorced,primary,yes,21331,yes,no,cellular,209,5,yes
67,technician,divorced,secondary,yes,23483,no,yes,telephone,2502,11,yes
26,services,divorced,secondary,no,41544,no,yes,telephone,1858,19,yes
70,services,single,secondary,no,7345,yes,yes,telephone,4678,2,yes
56,blue-collar,divorced,primary,yes,31517,yes,no,cellular,1979,12,no
28,technician,divorced,tertiary,no,28270,yes,no,cellular,2074,3,no
34,technician,divorced,primary,yes,24292,no,no,cellular,3421,16,yes
42,blue-collar,divorced,secondary,yes,30423,yes,yes,telephone,633,2,no
19,blue-collar,single,primary,yes,21400,yes,no,cellular,644,18,yes
39,entrepreneur,divorced,primary,no,41836,yes,no,cellular,468,4,no
31,management,single,tertiary,no,42292,no,no,cellular,815,2,yes
43,housemaid,single,primary,yes,22647,yes,no,cellular,2442,20,no
30,technician,married,primary,yes,40824,no,yes,telephone,976,10,yes
68,student,single,secondary,no,4972,no,yes,telephone,3154,12,yes
46,admin.,single,secondary,no,16262,yes,no,cellular,1268,4,yes
60,blue-collar,divorced,secondary,yes,35280,yes,no,telephone,4416,16,yes
48,retired,married,secondary,yes,31905,yes,yes,telephone,1446,6,yes
69,management,married,primary,no,4135,no,yes,cellular,4904,9,no
64,technician,married,secondary,no,35179,no,no,telephone,131,20,no
25,student,married,primary,yes,5922,yes,no,telephone,3396,9,no
59,entrepreneur,divorced,tertiary,no,1455,yes,no,telephone,1208,20,no
20,student,single,tertiary,yes,2230,no,no,telephone,195,11,no
37,retired,single,tertiary,yes,13939,yes,no,telephone,2658,9,no
56,technician,married,secondary,yes,25684,no,no,cellular,4251,6,yes
22,retired,divorced,tertiary,no,7889,yes,yes,cellular,1674,2,yes
20,entrepreneur,married,secondary,yes,16955,no,no,telephone,1044,1,yes
33,blue-collar,single,tertiary,no,10638,no,no,telephone,1369,9,yes
65,technician,single,primary,no,2253,yes,yes,cellular,1874,7,no
59,student,divorced,primary,yes,30070,yes,yes,cellular,1863,9,no
63,retired,single,secondary,no,29080,no,yes,telephone,2505,17,yes
70,student,divorced,primary,yes,32522,no,no,telephone,915,16,yes
22,blue-collar,single,tertiary,no,17145,no,no,cellular,1258,17,yes
66,management,married,tertiary,no,42288,no,yes,cellular,4104,10,yes
34,student,single,secondary,yes,37209,yes,no,cellular,4409,16,no
50,retired,married,tertiary,yes,18253,yes,no,cellular,2148,18,yes
61,blue-collar,divorced,primary,yes,22283,yes,no,telephone,2744,12,no
55,retired,single,primary,no,2517,yes,no,cellular,4129,4,no
51,retired,single,primary,yes,8002,yes,no,telephone,4694,15,yes
38,services,married,secondary,no,40355,yes,no,cellular,68,15,no
31,services,divorced,primary,no,49041,yes,yes,telephone,3547,13,no
48,student,married,primary,yes,46884,no,yes,telephone,4380,7,yes
19,admin.,divorced,tertiary,yes,13828,no,no,cellular,871,13,yes
50,retired,married,primary,yes,18542,no,no,telephone,3582,5,yes
39,entrepreneur,single,primary,yes,25436,yes,yes,cellular,1104,7,yes
55,housemaid,married,primary,no,45603,yes,no,telephone,4410,20,yes
56,admin.,divorced,primary,yes,2161,yes,no,telephone,3145,4,no
48,services,married,tertiary,yes,18733,no,yes,telephone,4991,5,yes
44,technician,divorced,tertiary,yes,17527,yes,yes,telephone,1657,20,yes
67,retired,divorced,primary,no,45100,no,no,cellular,352,18,yes
49,management,divorced,secondary,no,14368,yes,yes,cellular,934,19,no
27,technician,divorced,primary,yes,15770,yes,no,telephone,2193,15,yes
24,services,married,secondary,no,43352,no,no,cellular,808,2,yes
18,services,divorced,tertiary,yes,20539,no,no,telephone,791,12,yes
70,blue-collar,married,primary,no,25230,no,no,telephone,3947,14,yes
59,services,married,primary,yes,9446,yes,no,telephone,4690,15,yes
57,student,single,tertiary,yes,43857,yes,no,telephone,955,14,no
20,technician,single,tertiary,no,-190,yes,no,cellular,3575,8,no
40,student,married,tertiary,yes,-237,yes,no,telephone,1384,3,no
38,management,single,secondary,yes,32222,yes,no,telephone,1955,3,no
46,entrepreneur,married,secondary,no,19713,yes,no,cellular,870,13,no
20,housemaid,divorced,primary,yes,38597,no,yes,telephone,2822,12,yes
70,admin.,married,secondary,no,35710,no,no,telephone,964,4,yes
66,management,married,secondary,no,40527,no,no,cellular,405,6,yes
49,services,divorced,tertiary,no,6009,no,yes,cellular,1019,13,yes
47,management,divorced,secondary,yes,48620,no,yes,cellular,3720,15,yes
60,housemaid,married,secondary,yes,33757,yes,no,telephone,4194,6,yes
64,services,married,secondary,no,32037,no,no,cellular,2271,13,yes
39,retired,single,primary,yes,26049,no,no,cellular,1675,7,yes
57,retired,divorced,secondary,yes,45556,yes,no,cellular,2915,18,no
55,student,divorced,tertiary,no,26681,yes,yes,cellular,3150,5,yes
60,admin.,married,secondary,yes,17783,no,yes,cellular,2447,7,yes
66,housemaid,married,secondary,no,5716,yes,no,cellular,4215,10,yes
42,student,single,tertiary,no,35184,yes,yes,telephone,1693,20,no
32,blue-collar,divorced,tertiary,yes,49865,yes,no,telephone,1483,3,yes
29,housemaid,married,secondary,yes,27082,no,no,cellular,1348,19,yes
34,admin.,single,secondary,yes,1617,yes,no,cellular,2497,16,no
22,blue-collar,divorced,primary,yes,33118,yes,yes,telephone,4478,18,no
23,blue-collar,married,primary,no,20696,no,no,cellular,4375,16,yes
53,admin.,married,tertiary,no,28207,yes,yes,cellular,2659,13,yes
42,retired,divorced,tertiary,no,619,no,no,telephone,389,10,yes
38,housemaid,married,primary,yes,49680,yes,yes,cellular,1776,14,yes
31,housemaid,divorced,tertiary,no,41373,yes,yes,cellular,3791,11,yes
23,technician,married,primary,no,35574,yes,yes,telephone,3369,13,no
58,student,single,secondary,yes,24526,yes,yes,cellular,4827,2,yes
40,housemaid,married,secondary,no,38751,yes,no,telephone,3154,13,yes
48,services,divorced,primary,yes,47939,no,no,cellular,2471,12,yes
18,housemaid,divorced,primary,yes,1737,yes,no,cellular,2526,7,no
31,student,divorced,tertiary,yes,9548,yes,yes,telephone,1621,4,yes
60,admin.,divorced,secondary,yes,18048,yes,no,cellular,1647,19,no
39,blue-collar,married,tertiary,yes,5556,no,yes,cellular,2633,16,no
39,retired,divorced,tertiary,yes,36064,no,no,telephone,1411,1,yes
38,management,married,tertiary,no,17132,no,yes,telephone,3961,15,yes
46,blue-collar,single,secondary,yes,10519,yes,no,cellular,4442,7,no
64,technician,divorced,primary,yes,32238,yes,no,cellular,330,18,no
52,housemaid,single,tertiary,yes,22974,no,yes,telephone,1126,15,yes
50,housemaid,married,secondary,no,31910,yes,yes,cellular,4241,5,no
28,services,divorced,tertiary,yes,47229,no,no,cellular,1822,16,yes
32,technician,single,secondary,yes,1805,yes,no,telephone,3877,15,yes
20,blue-collar,married,tertiary,no,47621,no,yes,telephone,3130,12,yes
55,technician,divorced,secondary,no,13607,no,no,telephone,4018,16,yes
56,admin.,divorced,primary,no,9853,yes,yes,telephone,1762,5,yes
28,blue-collar,divorced,tertiary,yes,42326,yes,no,telephone,958,16,no
48,management,divorced,primary,no,471,yes,yes,cellular,4728,19,yes
26,housemaid,married,tertiary,yes,2664,yes,no,cellular,4262,13,yes
64,retired,married,primary,no,38749,no,no,cellular,1827,14,yes
56,services,divorced,primary,no,9991,no,no,cellular,1912,13,no
26,technician,married,primary,no,8801,yes,yes,telephone,4943,2,yes
23,entrepreneur,divorced,primary,yes,49781,no,no,telephone,385,17,yes
45,management,single,secondary,no,37603,yes,no,cellular,2115,16,yes
23,retired,divorced,tertiary,no,15895,yes,yes,cellular,4764,17,yes
51,admin.,single,tertiary,yes,44073,no,no,telephone,903,5,yes
45,retired,single,tertiary,no,36006,no,no,telephone,1698,14,yes
53,housemaid,single,primary,no,35640,no,no,telephone,4762,12,yes
67,student,divorced,primary,yes,48008,yes,no,cellular,851,7,no
68,blue-collar,divorced,tertiary,yes,9534,no,yes,cellular,1220,16,no
23,technician,single,primary,no,4245,yes,no,telephone,4298,10,yes
67,services,divorced,secondary,no,-299,yes,no,cellular,305,20,yes
57,services,divorced,primary,no,14679,yes,yes,cellular,2290,13,no
60,student,single,tertiary,yes,32930,yes,yes,cellular,4532,10,no
40,retired,married,tertiary,yes,28803,no,yes,telephone,1463,14,yes
50,technician,divorced,primary,no,21280,yes,no,telephone,3657,13,no
67,management,single,secondary,no,37458,yes,no,cellular,2142,3,no
58,management,divorced,tertiary,yes,19691,no,no,cellular,2187,8,yes
36,technician,single,tertiary,no,3982,yes,no,telephone,2926,7,no
29,management,single,tertiary,yes,14391,yes,no,cellular,1907,7,yes
57,blue-collar,married,primary,yes,4143,no,yes,cellular,3980,12,no
49,retired,single,primary,no,25075,yes,yes,cellular,4336,14,no
52,admin.,divorced,secondary,no,43979,yes,no,cellular,4275,15,no
62,admin.,married,tertiary,yes,23866,yes,no,telephone,2157,6,no
33,retired,single,tertiary,no,22981,yes,no,telephone,1754,14,no
41,student,single,secondary,yes,36447,yes,yes,cellular,2241,8,no
42,management,married,tertiary,yes,29997,yes,yes,telephone,4122,5,no
68,entrepreneur,single,secondary,yes,25109,yes,yes,cellular,1795,9,no
58,technician,single,tertiary,no,16024,no,no,telephone,2849,1,yes
44,technician,single,tertiary,yes,36804,yes,no,telephone,2693,17,no
67,entrepreneur,married,secondary,no,29392,yes,yes,telephone,3485,20,no
22,technician,married,secondary,yes,19544,no,no,telephone,4989,13,yes
35,entrepreneur,single,tertiary,no,26131,yes,yes,cellular,1054,8,no
65,technician,married,primary,no,5750,yes,yes,telephone,4522,2,yes
67,student,divorced,primary,yes,16200,yes,yes,telephone,2564,8,yes
65,retired,single,tertiary,yes,7603,yes,yes,cellular,2953,11,no
47,housemaid,single,tertiary,no,7854,yes,no,telephone,4318,18,no
40,entrepreneur,divorced,primary,yes,27957,no,no,telephone,2158,5,yes
37,admin.,married,tertiary,yes,21536,no,no,cellular,4059,16,yes
37,admin.,single,secondary,yes,-527,no,yes,telephone,4622,14,no
33,services,divorced,tertiary,no,23796,yes,no,cellular,3488,8,no
36,housemaid,single,secondary,yes,3486,yes,yes,telephone,934,15,no
35,entrepreneur,married,secondary,yes,8971,yes,yes,cellular,867,10,no
26,entrepreneur,divorced,primary,yes,4911,yes,yes,telephone,1809,11,no
37,entrepreneur,single,secondary,yes,20643,yes,yes,cellular,2213,13,yes
52,entrepreneur,married,primary,no,24007,yes,yes,cellular,3182,15,yes
65,admin.,married,secondary,yes,33153,yes,no,telephone,2586,11,yes
58,admin.,divorced,tertiary,yes,15601,no,no,cellular,2982,2,yes
60,management,married,primary,no,20267,yes,yes,telephone,4819,4,no
68,management,married,primary,no,44115,yes,no,cellular,2067,6,no
23,blue-collar,divorced,primary,yes,22299,yes,yes,cellular,4026,8,no
53,blue-collar,single,tertiary,yes,399,no,no,cellular,2083,2,no
63,entrepreneur,divorced,secondary,no,11437,yes,no,telephone,3867,9,yes
22,housemaid,married,secondary,no,16258,no,no,cellular,4174,13,yes
64,services,married,tertiary,no,49857,yes,no,cellular,4445,13,yes
51,entrepreneur,divorced,primary,no,20141,no,no,cellular,818,17,yes
60,technician,married,primary,yes,1049,yes,yes,telephone,1599,4,yes
54,student,divorced,secondary,no,2216,no,yes,cellular,137,7,no
23,entrepreneur,divorced,primary,no,35570,no,no,cellular,2207,17,yes
20,technician,single,primary,yes,33044,yes,yes,cellular,4385,13,yes
30,housemaid,divorced,primary,yes,35596,no,yes,telephone,3787,14,yes
24,services,married,tertiary,no,32075,no,yes,telephone,2916,11,yes
53,blue-collar,single,secondary,no,46570,no,yes,cellular,3102,18,yes
65,retired,single,secondary,no,25023,yes,yes,telephone,4910,1,yes
37,admin.,single,primary,yes,19637,yes,no,cellular,802,2,no
40,services,married,secondary,no,37152,yes,yes,telephone,2490,3,no
54,management,divorced,primary,no,30623,yes,no,cellular,4906,10,yes
64,student,married,primary,no,21801,no,no,cellular,1887,20,yes
18,student,married,secondary,yes,19926,yes,no,cellular,1284,2,no
46,housemaid,married,primary,no,17991,no,yes,cellular,2783,3,yes
48,admin.,divorced,secondary,no,4575,no,no,cellular,1134,16,yes
49,student,divorced,tertiary,yes,35776,yes,yes,cellular,2211,14,no
61,technician,married,tertiary,no,26757,no,no,cellular,2657,12,yes
56,admin.,single,primary,no,39384,no,yes,telephone,397,8,yes
30,blue-collar,married,tertiary,yes,6364,yes,yes,cellular,2386,1,no
62,technician,single,secondary,no,490,no,yes,cellular,1699,18,no
53,entrepreneur,divorced,tertiary,yes,44552,yes,no,cellular,2122,6,yes
36,management,divorced,tertiary,no,2478,no,yes,cellular,3213,9,no
24,admin.,single,tertiary,no,14149,no,yes,telephone,4000,20,yes
52,technician,married,primary,no,35745,yes,yes,cellular,4366,10,no
49,student,divorced,primary,yes,21726,no,no,telephone,1964,17,yes
35,admin.,divorced,secondary,no,931,no,yes,cellular,2829,13,yes
23,student,divorced,tertiary,yes,26350,yes,yes,telephone,2589,20,no
46,housemaid,married,primary,yes,37078,yes,yes,telephone,4321,5,no
67,services,divorced,tertiary,yes,19807,yes,yes,cellular,2631,5,yes
66,blue-collar,single,secondary,no,28032,no,yes,cellular,904,5,yes
29,admin.,divorced,tertiary,no,38688,yes,yes,cellular,243,12,yes
62,entrepreneur,married,tertiary,no,45662,no,yes,telephone,4055,16,yes
26,services,married,primary,yes,25777,yes,no,telephone,1853,7,yes
22,services,single,tertiary,no,44079,no,no,cellular,3532,13,yes
67,admin.,divorced,tertiary,no,46199,no,no,cellular,4295,4,yes
46,entrepreneur,married,primary,no,47180,yes,no,cellular,1585,10,no
43,retired,single,secondary,yes,26686,no,yes,cellular,3827,15,yes
23,housemaid,married,primary,yes,24760,no,no,telephone,234,6,no
55,management,single,primary,no,20238,yes,yes,cellular,965,15,no
23,housemaid,divorced,secondary,yes,23817,no,yes,cellular,2775,19,yes
60,services,married,primary,yes,49407,yes,no,telephone,2565,15,no
58,services,married,primary,yes,-769,no,yes,telephone,4106,16,yes
56,entrepreneur,married,primary,no,28736,no,no,cellular,4955,20,yes
18,management,divorced,secondary,yes,2205,yes,yes,cellular,2889,2,yes
20,retired,single,primary,yes,6136,no,yes,cellular,2359,20,yes
47,blue-collar,married,primary,no,20156,no,no,cellular,3530,18,yes
22,retired,single,primary,yes,44522,no,no,telephone,4327,7,yes
62,management,divorced,primary,yes,36445,yes,no,telephone,3528,20,no
34,housemaid,divorced,tertiary,no,7500,no,no,telephone,1503,20,yes
63,retired,married,primary,yes,571,no,yes,cellular,3426,14,yes
39,blue-collar,divorced,tertiary,yes,-260,yes,no,telephone,585,10,no
50,housemaid,single,primary,yes,43946,no,no,telephone,4690,20,yes
19,services,married,secondary,no,43071,no,no,cellular,1142,16,yes
27,entrepreneur,divorced,secondary,no,26128,yes,no,telephone,4578,18,yes
31,blue-collar,single,primary,yes,17380,yes,no,telephone,4406,6,no
29,technician,single,tertiary,no,45520,yes,no,telephone,741,16,yes
41,entrepreneur,single,primary,no,10469,yes,no,cellular,1685,3,no
50,admin.,single,tertiary,yes,11465,no,no,telephone,2711,5,yes
67,technician,divorced,tertiary,yes,12447,yes,no,telephone,4309,4,yes
37,admin.,divorced,tertiary,yes,20842,no,yes,cellular,4294,10,yes
19,retired,divorced,primary,no,12143,yes,no,telephone,4390,11,no
60,technician,single,primary,yes,16933,yes,yes,cellular,1722,18,no
53,blue-collar,single,primary,no,36623,yes,yes,cellular,2580,20,no
52,entrepreneur,married,primary,yes,29850,yes,yes,telephone,470,3,no
43,services,divorced,tertiary,no,39390,no,no,telephone,1653,18,yes
23,entrepreneur,divorced,primary,yes,44783,no,yes,telephone,2572,15,yes
48,management,married,primary,no,22819,no,yes,telephone,2690,15,yes
49,admin.,married,secondary,yes,22032,no,no,cellular,2342,12,yes
56,services,divorced,primary,no,45810,yes,no,cellular,2504,18,no
43,student,married,tertiary,yes,34910,yes,no,telephone,571,11,yes
70,student,single,tertiary,no,34686,yes,yes,cellular,4733,16,yes
55,entrepreneur,single,tertiary,yes,28177,yes,no,telephone,600,20,yes
61,student,single,secondary,yes,4933,yes,yes,cellular,1231,5,no
52,retired,single,tertiary,no,11823,yes,no,telephone,4701,10,no
63,blue-collar,married,tertiary,yes,39074,no,yes,telephone,541,12,yes
53,admin.,married,tertiary,no,6189,no,yes,cellular,3566,19,no
58,blue-collar,divorced,secondary,no,24006,no,yes,cellular,3920,5,yes
30,housemaid,single,secondary,no,9110,no,yes,cellular,125,3,yes
27,entrepreneur,divorced,secondary,yes,4548,yes,no,telephone,4981,14,yes
47,housemaid,single,tertiary,no,24212,no,yes,cellular,3509,20,yes
18,entrepreneur,divorced,primary,no,25924,no,yes,cellular,4684,16,yes
63,blue-collar,married,tertiary,no,44252,yes,yes,telephone,3838,17,yes
51,technician,married,secondary,yes,43831,no,yes,telephone,4412,1,yes
48,entrepreneur,divorced,secondary,no,26591,no,no,telephone,1402,2,yes
62,retired,divorced,tertiary,no,3025,no,yes,cellular,2420,20,yes
36,entrepreneur,married,primary,yes,17209,no,yes,telephone,2284,9,yes
18,technician,divorced,primary,yes,42198,no,no,cellular,2170,8,yes
49,services,divorced,primary,no,4531,yes,yes,telephone,3412,13,yes
60,entrepreneur,divorced,tertiary,yes,12818,no,yes,telephone,980,2,yes
28,entrepreneur,single,secondary,no,30212,yes,no,telephone,3917,9,yes
51,student,married,secondary,no,24035,no,yes,cellular,4382,12,yes
45,retired,single,secondary,no,5440,no,no,telephone,2010,19,yes
51,blue-collar,divorced,tertiary,yes,19530,yes,yes,cellular,127,14,yes
51,technician,divorced,secondary,no,13379,no,no,cellular,308,1,yes
57,technician,married,tertiary,yes,38281,yes,yes,cellular,4983,5,no
60,services,married,tertiary,yes,15602,no,no,cellular,3744,9,yes
67,student,divorced,tertiary,no,15864,yes,yes,telephone,541,13,no
39,admin.,single,secondary,yes,27873,yes,no,cellular,3246,6,no
24,services,divorced,secondary,yes,39236,yes,no,telephone,876,2,yes
22,retired,single,primary,no,8755,yes,yes,telephone,2212,5,no
43,admin.,divorced,tertiary,no,30335,no,no,cellular,4454,8,yes
18,student,divorced,secondary,yes,36174,no,no,telephone,3311,2,yes
58,technician,single,tertiary,no,4272,no,no,cellular,1476,18,yes
42,management,single,tertiary,no,5997,no,no,cellular,3617,7,yes
20,management,married,tertiary,yes,31062,no,yes,telephone,4123,18,yes
69,entrepreneur,married,primary,no,2673,no,yes,telephone,998,7,no
61,housemaid,married,tertiary,yes,3720,yes,yes,telephone,186,16,yes
33,services,married,primary,yes,19141,yes,no,cellular,4871,3,yes
25,entrepreneur,divorced,tertiary,yes,3135,yes,no,telephone,3323,11,yes
61,housemaid,married,secondary,yes,49084,yes,yes,telephone,547,4,no
27,student,married,tertiary,no,35268,yes,no,cellular,4797,2,yes
24,student,married,primary,no,4290,yes,yes,cellular,760,19,no
44,entrepreneur,divorced,primary,yes,8377,no,no,telephone,1989,6,yes
56,services,divorced,secondary,yes,40103,no,no,telephone,67,18,yes
30,technician,divorced,primary,no,48881,yes,no,cellular,2294,2,yes
25,services,divorced,secondary,no,10555,yes,yes,cellular,3013,10,yes
45,retired,single,tertiary,no,1838,yes,yes,cellular,1324,1,no
50,technician,married,primary,no,37843,no,no,cellular,2698,8,yes
67,technician,single,primary,yes,14539,no,yes,telephone,1837,3,yes
48,entrepreneur,married,secondary,yes,13166,no,yes,telephone,3089,5,yes
47,management,divorced,secondary,no,12252,no,yes,cellular,4688,2,yes
35,services,married,secondary,no,26408,yes,no,cellular,2447,20,yes
68,services,divorced,tertiary,yes,4667,no,no,cellular,4876,16,no
35,admin.,divorced,secondary,yes,15241,no,no,cellular,4877,5,yes
54,admin.,single,primary,yes,29844,yes,no,telephone,3956,4,no
49,management,married,tertiary,yes,44426,no,yes,cellular,2966,10,yes
33,technician,married,secondary,no,9603,no,yes,telephone,3829,5,no
29,blue-collar,divorced,secondary,yes,40111,yes,no,telephone,4379,2,no
45,retired,divorced,tertiary,yes,43870,yes,no,cellular,4246,12,yes
25,student,single,secondary,yes,22958,no,yes,cellular,4623,7,yes
26,blue-collar,married,tertiary,yes,41535,no,yes,cellular,2655,12,yes
35,housemaid,divorced,secondary,no,2569,yes,no,telephone,3736,16,yes
48,housemaid,divorced,tertiary,no,28620,no,yes,cellular,3780,3,yes
23,student,married,secondary,yes,6167,yes,no,cellular,1242,16,yes
31,housemaid,divorced,primary,no,26298,yes,no,telephone,3471,15,yes
36,management,married,primary,yes,33053,no,no,telephone,2703,16,yes
55,housemaid,divorced,secondary,no,18928,yes,no,cellular,2159,8,no
41,retired,married,primary,no,17637,no,yes,cellular,4415,10,yes
29,services,divorced,tertiary,yes,9567,yes,yes,cellular,2623,19,yes
46,retired,single,primary,yes,35863,yes,no,telephone,1241,12,no
52,services,divorced,secondary,yes,633,no,no,cellular,3782,11,yes
18,housemaid,divorced,secondary,no,30058,no,yes,telephone,2804,4,yes
64,entrepreneur,married,primary,yes,19190,yes,no,cellular,3683,12,yes
38,admin.,divorced,tertiary,yes,37235,yes,no,cellular,214,3,no
61,technician,divorced,secondary,yes,31143,no,yes,telephone,3286,5,yes
63,student,single,secondary,no,-202,no,no,telephone,2553,15,yes
31,entrepreneur,divorced,secondary,no,17915,yes,no,telephone,1173,19,yes
27,management,single,secondary,no,3332,no,yes,cellular,3384,9,no
29,housemaid,single,tertiary,yes,12058,yes,no,telephone,4567,16,yes
70,retired,divorced,secondary,no,35653,no,yes,cellular,50,5,no
37,entrepreneur,married,tertiary,no,26338,yes,no,cellular,263,4,no
49,technician,divorced,tertiary,no,37080,no,no,telephone,3929,4,yes
41,housemaid,divorced,tertiary,yes,16009,yes,yes,cellular,2648,15,yes
40,services,married,secondary,no,26493,no,yes,telephone,2419,17,yes
58,technician,divorced,primary,yes,49114,yes,yes,telephone,2620,10,no
61,blue-collar,married,tertiary,no,8418,yes,yes,telephone,3085,16,no
39,services,married,primary,yes,31989,yes,yes,cellular,3448,15,yes
25,services,married,secondary,no,19419,no,yes,telephone,4925,17,yes
66,blue-collar,married,tertiary,no,884,yes,yes,cellular,1196,8,no
26,management,married,primary,no,44273,yes,yes,cellular,3997,14,yes
30,technician,married,tertiary,yes,29741,yes,no,cellular,572,10,yes
66,technician,married,tertiary,yes,37509,yes,yes,telephone,269,3,yes
65,retired,divorced,secondary,no,9522,yes,yes,cellular,4766,1,yes
63,management,single,primary,yes,46536,yes,yes,telephone,3032,19,yes
46,technician,married,secondary,no,26793,yes,yes,telephone,954,11,yes
47,technician,divorced,primary,no,48956,no,no,cellular,703,11,yes
49,technician,single,secondary,no,38347,no,no,cellular,4567,14,yes
36,student,married,primary,no,43507,no,yes,cellular,4057,4,yes
43,entrepreneur,divorced,tertiary,yes,6813,yes,no,telephone,4867,4,yes
22,blue-collar,married,secondary,yes,37991,no,yes,cellular,3509,16,yes
35,retired,divorced,secondary,no,30183,no,no,telephone,1237,15,yes
24,technician,single,secondary,no,14127,yes,yes,cellular,462,3,no
61,admin.,married,secondary,no,9009,no,yes,cellular,4289,16,no
30,retired,divorced,secondary,no,32082,no,no,cellular,288,14,yes
42,entrepreneur,single,secondary,no,29124,yes,yes,cellular,4590,10,yes
49,student,married,secondary,no,30945,yes,no,telephone,3928,18,yes
50,admin.,single,secondary,no,37734,no,no,telephone,2655,2,yes
19,admin.,married,secondary,no,47631,yes,no,telephone,827,14,no
40,student,single,primary,yes,15227,yes,no,cellular,566,10,yes
39,services,married,tertiary,no,1449,no,no,telephone,2214,1,no
55,admin.,single,secondary,no,20130,yes,no,cellular,1716,11,no
50,blue-collar,married,tertiary,no,22811,no,yes,telephone,647,18,yes
31,retired,single,primary,no,36586,no,yes,cellular,4766,4,yes
55,blue-collar,single,primary,no,26990,yes,no,cellular,2502,17,no
45,housemaid,single,primary,no,25365,no,no,cellular,182,17,yes
54,entrepreneur,married,tertiary,no,16559,no,yes,cellular,3014,15,yes
27,management,married,tertiary,no,27533,no,no,cellular,1697,14,yes
35,retired,divorced,primary,no,44013,yes,no,cellular,960,5,yes
19,management,single,secondary,no,35688,no,no,cellular,1684,6,yes
35,services,married,secondary,no,42166,yes,yes,telephone,193,2,yes
38,retired,married,secondary,no,43018,yes,no,cellular,1963,4,yes
51,housemaid,single,secondary,yes,14602,yes,no,telephone,4816,13,yes
45,management,married,primary,yes,13031,no,no,telephone,2113,19,yes
21,entrepreneur,divorced,secondary,yes,19741,no,no,cellular,2305,5,yes
41,entrepreneur,divorced,secondary,no,381,yes,yes,cellular,2102,18,no
37,blue-collar,divorced,primary,yes,27993,no,yes,telephone,2123,10,yes
23,management,single,primary,yes,27760,no,no,cellular,2274,3,yes
70,entrepreneur,single,tertiary,no,20805,no,yes,cellular,2167,17,yes
22,blue-collar,single,tertiary,no,28704,yes,yes,cellular,3662,5,yes
43,management,divorced,secondary,no,36736,yes,yes,cellular,2074,17,yes
56,student,single,secondary,no,47180,yes,no,cellular,4888,11,no
30,technician,single,secondary,yes,24788,no,yes,cellular,218,18,yes
23,entrepreneur,married,secondary,yes,2262,no,no,telephone,1252,3,no
28,technician,married,tertiary,no,49682,no,no,cellular,1868,7,yes
30,retired,single,tertiary,no,24039,yes,no,cellular,4945,7,no
64,management,single,primary,no,8564,yes,no,telephone,1959,20,no
33,blue-collar,divorced,tertiary,no,4618,yes,no,cellular,2678,13,yes
63,student,divorced,secondary,no,3787,yes,yes,cellular,2756,8,no
40,admin.,married,secondary,no,18825,no,no,cellular,4613,2,yes
55,services,single,primary,no,21228,no,yes,cellular,2629,17,yes
45,services,single,primary,no,1894,yes,no,telephone,2983,14,no
34,retired,divorced,secondary,no,9812,no,no,cellular,4582,15,yes
30,services,married,primary,yes,1350,no,no,cellular,3856,14,yes
49,admin.,single,secondary,no,28999,no,yes,cellular,1042,12,yes
23,management,single,primary,yes,48147,no,yes,cellular,4339,19,yes
29,student,married,primary,no,43361,yes,no,cellular,2358,4,no
41,technician,single,primary,yes,4312,no,no,telephone,2236,20,yes
39,admin.,divorced,tertiary,no,20293,yes,yes,cellular,2347,11,yes
65,technician,divorced,tertiary,no,5065,no,no,cellular,1996,13,yes
19,management,married,secondary,no,17673,yes,yes,telephone,4051,14,no
61,services,single,tertiary,yes,23081,yes,no,telephone,3209,16,no
54,student,married,secondary,no,39230,yes,no,telephone,791,2,no
47,management,divorced,tertiary,yes,31461,yes,no,telephone,3612,3,no
37,services,married,tertiary,no,15295,no,no,cellular,4543,3,yes
20,housemaid,married,tertiary,no,26067,yes,no,telephone,2941,9,yes
67,housemaid,married,primary,no,10767,yes,no,cellular,712,14,no
38,entrepreneur,divorced,secondary,no,21369,yes,yes,cellular,670,20,no
61,technician,single,tertiary,yes,-617,no,yes,cellular,1436,16,no
62,student,divorced,tertiary,no,18844,no,no,telephone,747,5,yes
26,admin.,married,primary,yes,44615,yes,yes,cellular,3971,5,yes
45,housemaid,married,primary,no,49444,no,yes,telephone,3486,1,yes
25,services,married,tertiary,no,30788,no,yes,telephone,4824,8,yes
30,retired,divorced,secondary,yes,20879,yes,yes,telephone,3435,16,no
20,entrepreneur,single,secondary,no,14198,yes,yes,telephone,4751,11,yes
35,student,single,primary,no,39809,no,no,telephone,200,6,no
64,management,single,secondary,no,14211,yes,no,telephone,1104,10,no
44,blue-collar,single,primary,yes,17511,yes,no,cellular,1449,7,yes
56,entrepreneur,married,secondary,no,18900,yes,yes,cellular,178,12,no
40,services,married,tertiary,yes,3172,no,no,cellular,1887,4,yes
49,retired,single,secondary,yes,49468,no,yes,cellular,443,15,yes
69,entrepreneur,married,primary,yes,35862,yes,yes,cellular,997,7,no
28,retired,divorced,secondary,no,47008,yes,yes,telephone,2771,5,yes
30,entrepreneur,single,primary,yes,30042,no,no,cellular,728,9,yes
41,student,single,tertiary,yes,8935,no,yes,cellular,3542,14,no
47,housemaid,divorced,secondary,yes,28004,yes,yes,cellular,724,11,no
43,services,single,primary,no,48754,yes,yes,cellular,4288,10,no
43,housemaid,single,tertiary,no,21554,yes,no,cellular,3339,15,yes
52,entrepreneur,divorced,secondary,no,49816,yes,no,cellular,332,18,no
42,services,divorced,tertiary,no,13007,yes,no,telephone,1340,1,yes
68,housemaid,divorced,secondary,yes,49735,no,no,cellular,521,12,yes
34,housemaid,single,primary,yes,48581,yes,no,telephone,4719,1,no
39,management,divorced,tertiary,yes,21959,no,no,cellular,3123,17,yes
65,management,married,secondary,yes,22676,no,yes,cellular,3517,14,yes
23,technician,married,secondary,yes,30211,yes,no,cellular,3055,17,no
55,housemaid,divorced,secondary,no,37292,no,no,telephone,4040,14,yes
70,services,married,tertiary,yes,30769,no,yes,cellular,1771,15,yes
48,admin.,divorced,primary,no,6783,no,yes,cellular,3057,19,no
20,housemaid,married,primary,no,18983,no,no,telephone,4010,1,yes
68,services,married,tertiary,no,2188,no,no,cellular,1529,16,yes
25,housemaid,single,primary,yes,26366,no,no,telephone,2797,13,yes
48,services,married,tertiary,no,48917,no,no,cellular,2694,3,yes
69,student,single,primary,no,21216,yes,no,telephone,755,6,yes
54,retired,divorced,tertiary,yes,41199,yes,yes,cellular,4701,17,yes
66,entrepreneur,divorced,primary,yes,42139,yes,yes,telephone,1715,8,no
23,housemaid,divorced,secondary,no,37593,yes,no,cellular,2814,14,yes
44,admin.,divorced,secondary,no,15854,yes,yes,cellular,4468,6,no
27,services,single,primary,yes,19106,no,yes,cellular,2694,6,yes
19,admin.,single,secondary,yes,19974,yes,no,telephone,2142,13,yes
21,management,married,tertiary,yes,31307,no,yes,telephone,526,11,yes
47,housemaid,single,primary,no,894,no,yes,cellular,2234,18,yes
33,housemaid,divorced,primary,no,36240,no,no,cellular,4129,7,yes
68,services,single,tertiary,yes,15066,no,no,cellular,38,15,no
59,services,married,primary,no,16911,no,no,telephone,1772,19,yes
50,retired,married,primary,yes,18702,yes,no,cellular,1174,18,no
45,management,divorced,tertiary,no,43702,no,no,telephone,2266,8,yes
60,blue-collar,single,primary,no,38289,no,yes,cellular,46,20,no
18,admin.,divorced,primary,no,35424,no,no,cellular,665,18,yes
19,entrepreneur,divorced,primary,no,23666,no,no,cellular,99,4,no
41,management,single,primary,yes,47702,yes,no,telephone,1598,3,no
69,management,married,secondary,no,1411,no,no,cellular,88,7,no
25,retired,divorced,tertiary,no,10172,yes,yes,cellular,4848,5,yes
26,retired,divorced,primary,no,11573,yes,no,telephone,46,14,yes
38,student,single,secondary,yes,43575,no,no,telephone,4267,2,yes
64,management,married,secondary,no,33892,no,no,cellular,3240,7,yes
39,technician,divorced,primary,yes,44190,no,yes,cellular,1642,6,yes
39,retired,married,tertiary,yes,826,no,no,cellular,4884,11,no
33,technician,single,primary,no,2567,no,yes,cellular,4944,20,no
66,technician,divorced,secondary,yes,4605,yes,yes,telephone,2596,3,yes
21,entrepreneur,married,secondary,no,3311,yes,yes,cellular,2445,13,no
24,student,married,tertiary,yes,28714,no,no,telephone,859,11,yes
59,admin.,single,tertiary,no,37522,yes,yes,cellular,130,20,yes
55,management,divorced,primary,no,22290,no,no,telephone,1553,8,yes
26,admin.,married,primary,no,37307,no,no,telephone,4811,18,yes
67,services,married,secondary,no,38539,no,no,telephone,96,17,yes
21,management,divorced,tertiary,yes,26660,no,yes,cellular,1678,3,yes
39,management,divorced,secondary,no,38306,no,no,telephone,3459,11,yes
28,technician,single,primary,no,13378,yes,yes,cellular,3851,20,yes
33,entrepreneur,divorced,secondary,no,12455,no,yes,cellular,3002,1,yes
22,blue-collar,married,tertiary,yes,8332,no,no,cellular,4827,12,yes
19,management,married,secondary,yes,13348,no,yes,telephone,4572,8,yes
29,management,married,primary,no,5631,yes,yes,telephone,939,11,yes
37,entrepreneur,married,secondary,no,42313,yes,no,cellular,1000,5,yes
68,management,married,tertiary,no,44505,no,no,telephone,2033,2,yes
66,management,divorced,secondary,yes,20474,yes,yes,telephone,1065,17,no
31,technician,single,tertiary,yes,9972,no,no,telephone,4280,15,yes
38,blue-collar,divorced,tertiary,no,45900,no,no,telephone,4791,13,yes
58,admin.,married,primary,yes,28627,yes,no,cellular,2536,14,no
54,services,single,secondary,yes,7803,yes,no,telephone,4280,12,yes
55,admin.,single,tertiary,no,26925,no,no,telephone,3380,12,yes
69,entrepreneur,single,secondary,no,619,yes,no,cellular,2205,3,no
23,retired,divorced,tertiary,yes,17115,yes,yes,cellular,614,12,yes
52,management,single,primary,no,15385,no,no,cellular,4978,5,yes
66,housemaid,single,primary,no,17471,no,no,telephone,4780,1,yes
48,housemaid,married,secondary,yes,13871,yes,no,cellular,4255,19,no
64,entrepreneur,single,primary,no,11310,no,no,cellular,3623,15,yes
53,admin.,single,primary,yes,19025,yes,no,telephone,2813,8,no
45,student,divorced,tertiary,no,20369,yes,yes,cellular,1289,11,no
42,management,single,primary,no,11342,no,yes,telephone,4695,15,yes
58,retired,married,primary,yes,43229,yes,yes,telephone,249,6,yes
22,student,single,primary,yes,18077,yes,no,cellular,3049,17,yes
28,blue-collar,single,secondary,yes,6257,yes,no,telephone,593,13,yes
26,management,single,secondary,no,9405,no,yes,telephone,2286,7,yes
27,entrepreneur,married,secondary,yes,33462,no,no,telephone,3820,19,yes
20,technician,single,tertiary,no,21726,no,no,cellular,3430,8,yes
29,student,single,secondary,yes,44778,yes,no,cellular,1993,6,no
58,housemaid,single,tertiary,yes,44747,yes,no,telephone,4558,4,no
22,technician,divorced,secondary,no,28552,yes,no,cellular,4175,2,no
19,technician,divorced,tertiary,no,23979,no,no,cellular,3279,2,yes
18,retired,married,tertiary,yes,20437,no,no,telephone,588,3,yes
53,management,divorced,secondary,yes,29853,no,yes,cellular,177,20,yes
29,retired,married,tertiary,no,10039,yes,yes,telephone,1287,15,no
29,management,divorced,primary,yes,27970,yes,yes,telephone,2555,15,yes
56,admin.,married,secondary,yes,15364,no,yes,cellular,778,1,yes
44,admin.,married,secondary,yes,43561,yes,yes,cellular,1405,6,yes
44,housemaid,married,secondary,no,35834,yes,yes,telephone,3535,4,yes
31,technician,single,secondary,yes,-18,no,no,cellular,3218,7,no
32,technician,divorced,secondary,no,1879,yes,yes,telephone,2500,20,no
24,housemaid,divorced,primary,no,5209,no,no,cellular,2750,6,no
60,entrepreneur,married,secondary,yes,38880,no,no,cellular,4154,19,yes
63,admin.,married,primary,yes,19240,yes,no,cellular,680,2,yes
41,entrepreneur,single,primary,yes,23625,yes,yes,cellular,4929,15,no
26,retired,single,tertiary,yes,33135,no,no,cellular,1906,11,yes
39,management,married,tertiary,yes,42581,yes,yes,telephone,4301,11,yes
46,admin.,married,secondary,yes,11613,yes,yes,cellular,1058,3,yes
55,housemaid,married,primary,yes,26934,no,no,cellular,1648,8,yes
45,services,divorced,primary,no,17700,no,yes,telephone,3971,3,yes
41,student,single,primary,no,27926,no,no,cellular,3978,1,yes
66,student,single,primary,no,38005,yes,yes,telephone,3146,15,no
47,retired,single,tertiary,no,3714,no,yes,telephone,1633,5,yes
18,admin.,divorced,tertiary,no,31207,no,no,telephone,3086,13,yes
49,retired,divorced,tertiary,yes,25790,yes,yes,telephone,4663,6,yes
66,student,single,tertiary,no,32397,no,no,cellular,3186,14,yes
65,management,married,secondary,yes,22685,yes,yes,telephone,4989,15,yes
34,management,divorced,tertiary,yes,-192,yes,yes,telephone,3287,19,yes
51,management,single,primary,no,15572,no,no,telephone,3401,3,yes
24,blue-collar,married,secondary,yes,48039,no,no,cellular,1409,16,yes
18,technician,married,tertiary,no,33403,no,no,telephone,1427,6,yes
41,services,divorced,primary,yes,30881,yes,yes,telephone,4675,7,yes
30,admin.,divorced,primary,yes,15996,no,no,cellular,1390,3,yes
36,technician,single,primary,no,3211,no,yes,cellular,3944,16,yes
18,admin.,single,primary,yes,5346,yes,yes,telephone,4969,17,no
49,entrepreneur,single,tertiary,no,21056,no,no,telephone,1992,12,yes
60,student,single,tertiary,yes,22332,no,yes,cellular,3773,13,yes
64,services,married,tertiary,yes,33775,no,yes,telephone,3732,20,yes
61,entrepreneur,divorced,secondary,yes,-795,no,yes,telephone,404,11,no
32,entrepreneur,single,tertiary,yes,21828,no,no,cellular,3182,10,yes
56,management,divorced,primary,yes,7379,no,yes,telephone,4525,15,yes
46,technician,single,tertiary,yes,14948,yes,yes,cellular,894,14,yes
28,blue-collar,single,secondary,yes,46131,no,no,cellular,1142,18,yes
58,entrepreneur,married,tertiary,no,13667,yes,no,telephone,3156,18,no
69,management,married,secondary,yes,18069,yes,yes,cellular,2817,19,yes
65,technician,divorced,secondary,yes,19537,no,yes,telephone,536,19,yes
52,management,single,secondary,no,49546,no,yes,cellular,903,13,yes
18,housemaid,single,secondary,yes,18452,yes,no,telephone,1237,20,no
27,admin.,divorced,secondary,no,31923,yes,no,telephone,1797,16,no
63,student,married,secondary,yes,45973,yes,yes,cellular,1496,16,no
37,services,married,tertiary,no,21112,no,no,telephone,3236,13,yes
22,housemaid,divorced,secondary,no,44637,yes,no,cellular,1102,11,yes
63,retired,single,tertiary,yes,36824,yes,no,telephone,2414,5,yes
31,management,divorced,tertiary,yes,22738,yes,yes,telephone,3528,6,yes
24,blue-collar,single,primary,yes,6690,no,no,cellular,3339,8,yes
25,management,single,secondary,no,44087,yes,no,cellular,3828,13,no
58,entrepreneur,single,primary,yes,6643,yes,yes,telephone,4205,8,yes
55,entrepreneur,single,tertiary,yes,37854,yes,no,telephone,3582,10,yes
24,blue-collar,married,tertiary,yes,25563,yes,no,telephone,553,17,yes
66,management,divorced,primary,yes,38262,yes,yes,telephone,2604,4,yes
26,management,divorced,primary,yes,35863,no,yes,cellular,1051,17,yes
37,blue-collar,divorced,primary,no,42133,yes,yes,telephone,408,17,no
60,housemaid,single,primary,no,44554,no,no,cellular,841,2,yes
33,admin.,married,primary,no,13104,yes,yes,telephone,2302,5,no
22,housemaid,single,secondary,no,41583,yes,no,telephone,712,9,no
62,services,divorced,primary,yes,40259,no,yes,telephone,4647,17,yes
56,services,single,primary,no,27418,no,yes,cellular,665,9,yes
25,housemaid,married,tertiary,no,3322,no,yes,telephone,2762,9,yes
69,management,single,primary,yes,23717,yes,no,cellular,1041,6,no
55,entrepreneur,married,tertiary,no,44905,no,no,cellular,422,6,yes
38,student,married,secondary,no,30251,yes,no,cellular,4237,5,yes
27,student,divorced,tertiary,no,2464,no,yes,telephone,3780,6,no
40,entrepreneur,divorced,secondary,no,27034,yes,no,cellular,2533,14,no
23,technician,married,tertiary,yes,5136,yes,yes,cellular,2371,18,no
69,admin.,single,tertiary,yes,30434,no,yes,telephone,143,20,yes
65,admin.,divorced,secondary,no,15005,yes,no,cellular,4318,8,yes
22,blue-collar,married,tertiary,no,2336,no,no,telephone,1426,12,yes
39,management,divorced,primary,no,18606,no,no,telephone,1775,1,yes
65,student,married,secondary,yes,29346,no,yes,telephone,78,20,no
39,retired,single,primary,yes,21919,yes,no,telephone,102,4,no
49,management,married,tertiary,yes,25916,yes,no,cellular,1304,9,yes
48,student,single,secondary,no,27071,yes,no,cellular,3622,15,yes
26,blue-collar,divorced,secondary,yes,22542,yes,yes,cellular,2363,2,yes
43,student,divorced,secondary,yes,9506,yes,no,telephone,1003,14,no
53,entrepreneur,divorced,tertiary,yes,20291,no,no,cellular,928,4,yes
68,admin.,married,primary,no,31768,yes,yes,cellular,2832,14,yes
45,entrepreneur,single,secondary,no,4414,no,yes,cellular,4218,6,yes
35,technician,single,tertiary,yes,42668,no,yes,telephone,874,17,yes
57,services,married,tertiary,yes,14032,yes,yes,telephone,344,9,yes
27,student,married,tertiary,yes,4959,yes,no,telephone,4330,10,yes
32,blue-collar,single,secondary,yes,32414,no,yes,telephone,931,9,yes
41,retired,single,tertiary,no,15185,no,yes,cellular,364,1,yes
21,blue-collar,married,secondary,no,17360,yes,no,cellular,2096,16,no
39,retired,married,primary,yes,43758,yes,no,telephone,2990,19,no
33,retired,married,tertiary,no,4716,yes,yes,cellular,366,19,yes
30,entrepreneur,married,primary,no,18757,no,yes,cellular,388,5,yes
30,student,divorced,tertiary,no,48765,no,no,telephone,991,14,yes
22,entrepreneur,single,tertiary,yes,9940,no,yes,telephone,402,19,yes
68,management,divorced,secondary,no,43872,yes,yes,telephone,4202,13,no
43,retired,married,primary,yes,9485,yes,yes,telephone,4157,17,no
37,management,single,tertiary,no,35185,yes,yes,cellular,403,18,yes
36,admin.,divorced,primary,no,7714,no,yes,cellular,1750,18,yes
18,blue-collar,divorced,tertiary,no,20270,yes,no,cellular,3375,20,no
38,admin.,divorced,primary,no,13370,no,yes,telephone,158,18,yes
64,student,divorced,secondary,yes,27979,yes,no,telephone,1700,19,no
27,entrepreneur,married,tertiary,no,23159,yes,no,cellular,4092,6,no
29,services,married,tertiary,no,46807,yes,no,cellular,2570,6,yes
70,student,divorced,tertiary,yes,3551,yes,yes,telephone,2039,15,no
24,housemaid,married,tertiary,yes,38537,yes,no,telephone,199,4,yes
66,admin.,married,primary,yes,16541,yes,yes,cellular,901,18,no
63,technician,married,primary,no,48785,no,yes,telephone,2747,16,yes
27,management,married,tertiary,no,40122,yes,yes,cellular,872,18,no
24,housemaid,single,primary,yes,13700,yes,yes,telephone,3187,5,no
59,retired,married,tertiary,no,44007,yes,no,cellular,932,8,yes
36,blue-collar,married,tertiary,no,6756,no,yes,cellular,4982,5,yes
45,housemaid,single,tertiary,yes,43527,no,yes,telephone,2381,12,yes
24,retired,single,tertiary,no,16393,yes,yes,cellular,1230,11,yes
42,entrepreneur,divorced,secondary,yes,6416,no,no,cellular,770,11,yes
29,student,single,secondary,no,26776,no,no,telephone,1162,8,yes
42,student,divorced,secondary,no,33896,yes,no,cellular,4789,14,yes
62,technician,married,secondary,yes,12322,yes,no,telephone,1124,4,yes
40,blue-collar,married,secondary,no,8446,no,yes,cellular,1869,2,yes
25,services,single,tertiary,yes,44621,no,no,cellular,898,19,yes
22,entrepreneur,divorced,primary,yes,8626,no,yes,cellular,2037,3,yes
54,student,married,primary,no,47729,yes,no,telephone,3401,11,no
68,admin.,single,primary,yes,2932,yes,yes,cellular,119,13,no
61,entrepreneur,divorced,tertiary,no,36490,no,yes,telephone,1314,9,yes
23,housemaid,single,primary,yes,25240,yes,yes,telephone,1534,18,yes
70,entrepreneur,single,secondary,no,23934,yes,yes,telephone,3505,7,no
24,technician,married,secondary,no,838,yes,no,cellular,4466,4,yes
31,admin.,single,primary,yes,40837,yes,yes,telephone,726,19,yes
54,entrepreneur,married,primary,no,5108,no,yes,telephone,2343,13,yes
38,student,divorced,secondary,yes,45049,yes,no,telephone,4155,4,yes
19,student,single,tertiary,yes,18013,yes,yes,telephone,675,3,yes
31,services,divorced,primary,no,28326,yes,no,telephone,2981,20,no
20,student,married,primary,yes,8987,no,yes,cellular,1198,10,yes
49,technician,single,secondary,yes,18372,yes,yes,telephone,4752,12,no
23,technician,married,tertiary,no,15904,no,no,telephone,1180,4,yes
54,entrepreneur,married,secondary,no,25275,no,yes,telephone,3034,17,yes
57,blue-collar,single,primary,no,32157,no,no,cellular,497,8,yes
62,housemaid,married,primary,yes,18048,no,yes,telephone,627,8,yes
42,entrepreneur,divorced,primary,no,29531,no,no,cellular,733,6,yes
64,technician,single,secondary,yes,25314,no,yes,telephone,2835,20,yes
49,management,divorced,tertiary,no,6492,no,no,cellular,4495,5,no
27,management,single,tertiary,yes,38392,no,yes,telephone,3553,16,yes
31,admin.,married,primary,no,16684,no,yes,cellular,1191,3,yes
35,student,married,secondary,no,26506,yes,no,cellular,470,3,no
39,retired,married,primary,no,26466,no,no,cellular,3608,12,yes
62,student,married,tertiary,yes,4099,yes,no,telephone,146,5,no
27,entrepreneur,single,primary,no,16223,yes,no,cellular,3710,19,yes
20,management,divorced,primary,no,44642,yes,no,cellular,2881,7,yes
61,admin.,single,secondary,yes,18788,no,yes,telephone,3765,14,yes
44,blue-collar,single,tertiary,no,33286,no,yes,cellular,3788,14,yes
41,services,divorced,tertiary,yes,34570,no,no,telephone,3613,10,yes
62,technician,married,primary,yes,41573,yes,no,cellular,4096,20,yes
58,entrepreneur,divorced,tertiary,yes,42759,no,no,cellular,1855,15,yes
53,student,married,primary,no,7155,no,no,telephone,3272,1,no
68,management,divorced,secondary,no,42167,no,no,telephone,2008,1,yes
44,admin.,married,primary,yes,23537,no,no,cellular,4717,14,yes
33,housemaid,single,primary,no,2380,no,yes,telephone,1453,13,no
51,services,single,primary,yes,45532,yes,yes,telephone,2161,18,yes
38,management,married,primary,yes,27666,yes,yes,cellular,4483,3,no
19,services,single,tertiary,no,11226,yes,yes,telephone,1617,18,yes
64,student,single,tertiary,yes,17020,yes,yes,cellular,4776,4,yes
47,technician,married,primary,no,16170,yes,yes,cellular,4078,12,yes
43,technician,single,primary,no,3821,no,yes,cellular,3469,13,no
58,entrepreneur,married,primary,no,-336,yes,yes,cellular,2838,12,no
57,housemaid,married,primary,no,6968,yes,yes,cellular,4273,17,yes
31,blue-collar,married,primary,yes,20465,yes,yes,cellular,1066,9,no
48,management,married,secondary,no,29608,no,no,telephone,1611,9,yes
29,management,divorced,tertiary,no,24744,yes,no,cellular,1716,16,no
46,student,divorced,tertiary,no,19889,yes,no,telephone,1666,19,no
41,technician,single,primary,yes,32512,no,no,telephone,4977,17,yes
40,student,married,primary,yes,20147,no,yes,telephone,2039,3,yes
31,blue-collar,single,primary,no,7015,yes,no,cellular,2724,7,no
54,blue-collar,married,tertiary,yes,24270,no,yes,cellular,873,18,yes
35,technician,divorced,tertiary,no,43704,no,no,telephone,1653,7,yes
21,entrepreneur,single,primary,no,26606,yes,yes,telephone,1431,20,no
55,student,married,tertiary,yes,17680,yes,yes,telephone,2359,5,no
20,housemaid,divorced,primary,no,41256,yes,yes,telephone,809,14,no
35,blue-collar,single,secondary,yes,35467,no,no,cellular,3252,10,yes
62,entrepreneur,single,tertiary,yes,23504,yes,yes,cellular,421,1,yes
24,blue-collar,divorced,tertiary,no,13833,yes,yes,cellular,3051,18,yes
62,admin.,single,primary,yes,2145,no,yes,telephone,2727,20,no
35,services,married,tertiary,no,6857,yes,no,cellular,4815,14,no
60,technician,divorced,tertiary,yes,36872,no,no,telephone,2667,16,yes
32,technician,single,secondary,yes,22134,yes,yes,cellular,645,16,yes
31,admin.,divorced,primary,no,24235,yes,no,cellular,2818,7,no
66,retired,divorced,secondary,yes,32063,yes,yes,cellular,3008,13,no
57,housemaid,married,secondary,yes,3498,no,no,cellular,2546,19,yes
27,entrepreneur,married,tertiary,yes,14765,yes,no,cellular,2215,1,no
60,housemaid,single,secondary,no,6754,yes,no,telephone,1767,5,no
50,student,divorced,secondary,yes,27923,no,no,cellular,432,13,yes
64,student,married,secondary,yes,25390,yes,no,telephone,4278,14,yes
61,admin.,divorced,primary,yes,13390,yes,yes,cellular,4742,9,yes
22,housemaid,married,secondary,yes,39646,no,no,telephone,859,8,yes
64,retired,single,primary,yes,12341,no,no,telephone,55,4,yes
50,entrepreneur,divorced,secondary,yes,10156,no,yes,cellular,1564,11,yes
47,services,married,tertiary,no,27044,no,yes,cellular,2191,3,yes
28,admin.,divorced,secondary,no,37217,yes,no,cellular,3901,4,yes
70,admin.,divorced,tertiary,no,13961,yes,yes,cellular,849,10,no
46,entrepreneur,divorced,secondary,no,42477,no,no,telephone,3788,1,yes
70,blue-collar,single,tertiary,no,32936,no,yes,telephone,4284,1,yes
27,student,married,tertiary,yes,22409,no,yes,cellular,4761,14,yes
41,management,divorced,primary,yes,23758,yes,no,telephone,4346,6,no
61,blue-collar,single,secondary,no,17104,no,yes,cellular,4777,17,yes
62,blue-collar,divorced,primary,no,28820,no,no,cellular,98,16,yes
47,services,divorced,secondary,yes,18899,no,no,cellular,2444,1,yes
47,admin.,married,secondary,yes,2486,no,no,cellular,3555,12,yes
21,retired,married,secondary,no,31898,yes,yes,telephone,1198,7,no
55,technician,single,primary,yes,30010,no,yes,telephone,3491,13,yes
24,retired,single,tertiary,no,10357,no,no,cellular,1664,9,yes
